id_utente,trip_id,subtrip_id,lat,long,instant_speed,altitude,time,subtrip_type
14252434704690,944053,434811,43.6321447,3.8677193,1.77,109,2024-03-04 10:14:39+00:00,Walking
14252434704690,944053,434811,43.6326908,3.8685155,1.29,103,2024-03-04 10:15:26+00:00,Walking
14252434704690,944053,434811,43.6322483,3.8686453,1.28,109,2024-03-04 10:16:02+00:00,Walking
14252434704690,944053,434811,43.6315634,3.8689921,1.41,102,2024-03-04 10:17:02+00:00,Walking
14252434704690,944053,434811,43.6311514,3.8692523,1.39,103,2024-03-04 10:17:35+00:00,Walking
14252434704690,944053,434811,43.6307385,3.8695072,1.27,101,2024-03-04 10:18:10+00:00,Walking
14252434704690,944053,434811,43.6302924,3.8696314,1.33,101,2024-03-04 10:18:46+00:00,Walking
14252434704690,944053,434811,43.6298712,3.8698852,1.52,100,2024-03-04 10:19:22+00:00,Walking
14252434704690,944053,434811,43.6294179,3.869912,1.38,98,2024-03-04 10:20:00+00:00,Walking
14252434704690,944053,434811,43.629072,3.8695069,1.38,99,2024-03-04 10:20:39+00:00,Walking
14252434704690,944053,434811,43.6287469,3.8690709,1.3,99,2024-03-04 10:21:16+00:00,Walking
14252434704690,944053,434811,43.6284061,3.8686571,1.44,99,2024-03-04 10:21:52+00:00,Walking
14252434704690,944053,434811,43.6280838,3.8682155,1.4,99,2024-03-04 10:22:30+00:00,Walking
14252434704690,944053,434811,43.6277858,3.8677469,1.36,96,2024-03-04 10:23:01+00:00,Walking
14252434704690,944053,434811,43.6274622,3.8673072,1.18,95,2024-03-04 10:23:36+00:00,Walking
14252434704690,944053,434811,43.6271486,3.8668596,0.99,94,2024-03-04 10:24:13+00:00,Walking
14252434704690,944053,434811,43.6268268,3.8664243,1.34,94,2024-03-04 10:24:51+00:00,Walking
14252434704690,944053,434811,43.6269464,3.8658207,1.22,94,2024-03-04 10:25:28+00:00,Walking
15128445777990,943856,434786,43.60122000915259,3.8493736641182124,1.43,42,2024-03-04 07:29:27+00:00,Biking
15128445777990,943856,434786,43.60113249111385,3.850012303466925,4.5,42,2024-03-04 07:29:44+00:00,Biking
15128445777990,943856,434786,43.60112620829799,3.8506800351423816,4.53,41,2024-03-04 07:29:58+00:00,Biking
15128445777990,943856,434786,43.60131131559459,3.851280399266988,6.38,39,2024-03-04 07:30:06+00:00,Biking
15128445777990,943856,434786,43.601495376735436,3.8518825311085316,6.56,41,2024-03-04 07:30:14+00:00,Biking
15128445777990,943856,434786,43.601696480161024,3.852467075867561,6.66,40,2024-03-04 07:30:22+00:00,Biking
15128445777990,943856,434786,43.601944867393826,3.853023900726531,6.07,39,2024-03-04 07:30:30+00:00,Biking
15128445777990,943856,434786,43.60216865829831,3.8535676617261836,4.81,40,2024-03-04 07:30:39+00:00,Biking
15128445777990,943856,434786,43.60236233760366,3.854130523022141,3.65,39,2024-03-04 07:31:03+00:00,Biking
15128445777990,943856,434786,43.60257495664272,3.85468920342635,3.91,39,2024-03-04 07:31:20+00:00,Biking
15128445777990,943856,434786,43.60278768054278,3.8552648269322782,3.42,39,2024-03-04 07:31:31+00:00,Biking
15128445777990,943856,434786,43.603044532114325,3.8558539257489133,5.88,40,2024-03-04 07:31:42+00:00,Biking
15128445777990,943856,434786,43.603295004581696,3.856450954690085,6.33,41,2024-03-04 07:31:51+00:00,Biking
15128445777990,943856,434786,43.60352633021266,3.8570223062197617,6.55,43,2024-03-04 07:31:59+00:00,Biking
15128445777990,943856,434786,43.603737627093075,3.8576076747294645,6.57,43,2024-03-04 07:32:07+00:00,Biking
15128445777990,943856,434786,43.60401680166806,3.858143919291848,3.92,44,2024-03-04 07:32:17+00:00,Biking
15128445777990,943856,434786,43.604367177546656,3.8586363461582276,5.62,47,2024-03-04 07:32:48+00:00,Biking
15128445777990,943856,434786,43.60466267320862,3.859166510289392,7.17,43,2024-03-04 07:32:56+00:00,Biking
15128445777990,943856,434786,43.60494743162923,3.8596585442605806,8.22,43,2024-03-04 07:33:02+00:00,Biking
15128445777990,943856,434786,43.60519400421148,3.860229809941575,8.89,41,2024-03-04 07:33:08+00:00,Biking
15128445777990,943856,434786,43.60538560364246,3.860799563206282,7.8,40,2024-03-04 07:33:14+00:00,Biking
15128445777990,943856,434786,43.60553052376018,3.861387753619008,7.08,39,2024-03-04 07:33:21+00:00,Biking
15128445777990,943856,434786,43.60573769811123,3.8620048017482116,6.13,38,2024-03-04 07:33:29+00:00,Biking
15128445777990,943856,434786,43.605902355711414,3.8625903920749662,5.69,39,2024-03-04 07:33:38+00:00,Biking
15128445777990,943856,434786,43.60605191340365,3.8632289938819957,6.21,37,2024-03-04 07:33:46+00:00,Biking
15128445777990,943856,434786,43.60645440264479,3.8635134145916212,5.11,37,2024-03-04 07:34:04+00:00,Biking
15128445777990,943856,434786,43.606896354765425,3.8633414038884335,5.96,39,2024-03-04 07:34:13+00:00,Biking
15128445777990,943856,434786,43.60731855095372,3.8636299298015633,5.52,39,2024-03-04 07:34:23+00:00,Biking
15128445777990,943856,434786,43.607781697946486,3.863883025774347,6.09,39,2024-03-04 07:34:32+00:00,Biking
15128445777990,943856,434786,43.60823629806669,3.8637150728153205,4.77,38,2024-03-04 07:34:41+00:00,Biking
15128445777990,943856,434786,43.60862632989718,3.86411293805233,5.81,38,2024-03-04 07:34:55+00:00,Biking
15128445777990,943856,434786,43.6090996720318,3.8643027858033334,6.91,35,2024-03-04 07:35:03+00:00,Biking
15128445777990,943856,434786,43.60955483021597,3.8644569246022997,1.78,37,2024-03-04 07:35:17+00:00,Biking
15128445777990,943856,434786,43.61002734963607,3.8645422460758536,5.23,38,2024-03-04 07:35:29+00:00,Biking
15128445777990,943856,434786,43.61052508879443,3.864608794755549,5.85,39,2024-03-04 07:35:40+00:00,Biking
15128445777990,943856,434786,43.61094832980441,3.8648735966709125,5.74,37,2024-03-04 07:35:47+00:00,Biking
15128445777990,943856,434786,43.611401085502436,3.8650891927022504,5.21,36,2024-03-04 07:35:55+00:00,Biking
15128445777990,943856,434786,43.61152573032498,3.865708178567097,5.02,36,2024-03-04 07:36:07+00:00,Biking
15128445777990,943856,434786,43.61171505765723,3.8662926621000584,3.78,35,2024-03-04 07:36:21+00:00,Biking
15128445777990,943856,434786,43.612105538185865,3.8666981449791162,5.12,35,2024-03-04 07:36:34+00:00,Biking
15128445777990,943856,434786,43.61249298482296,3.867023066691899,6.5,33,2024-03-04 07:36:42+00:00,Biking
15128445777990,943856,434786,43.612817744499495,3.8674662463556113,0.57,34,2024-03-04 07:37:21+00:00,Biking
15128445777990,943856,434786,43.61320627741596,3.8678682016856425,6.0,31,2024-03-04 07:37:32+00:00,Biking
15128445777990,943856,434786,43.61359335131041,3.868273062836554,6.7,32,2024-03-04 07:37:40+00:00,Biking
15128445777990,943856,434786,43.61397123415429,3.8686793800909385,6.53,29,2024-03-04 07:37:48+00:00,Biking
15128445777990,943856,434786,43.614362246329804,3.869082990884747,6.3,30,2024-03-04 07:37:56+00:00,Biking
15128445777990,943856,434786,43.61473001562075,3.8695000128893904,6.3,29,2024-03-04 07:38:04+00:00,Biking
15128445777990,943856,434786,43.61516448470674,3.869738798777505,5.03,30,2024-03-04 07:38:18+00:00,Biking
15128445777990,943856,434786,43.6156258006295,3.869621629982369,4.92,28,2024-03-04 07:38:28+00:00,Biking
15128445777990,943856,434786,43.616073464363765,3.8695374520792303,5.24,30,2024-03-04 07:38:36+00:00,Biking
15128445777990,943856,434786,43.616568420365915,3.869523006388936,3.42,29,2024-03-04 07:38:46+00:00,Biking
15128445777990,943856,434786,43.61705438904012,3.869600220479964,5.47,30,2024-03-04 07:38:55+00:00,Biking
15128445777990,943856,434786,43.61752573429651,3.8695766167105576,3.35,28,2024-03-04 07:39:04+00:00,Biking
15128445777990,943856,434786,43.61797433085863,3.8694841235893898,5.39,26,2024-03-04 07:39:25+00:00,Biking
15128445777990,943856,434786,43.61845413001561,3.8694629455551186,6.51,27,2024-03-04 07:39:33+00:00,Biking
15128445777990,943856,434786,43.61893763919321,3.8694358681916126,5.07,28,2024-03-04 07:39:42+00:00,Biking
15128445777990,943856,434786,43.6194017727552,3.869410301610024,2.72,30,2024-03-04 07:39:56+00:00,Biking
15128445777990,943856,434786,43.61984670974748,3.8695128172115534,1.92,30,2024-03-04 07:40:16+00:00,Biking
15128445777990,943856,434786,43.62028013906147,3.8692624064950567,3.65,32,2024-03-04 07:40:28+00:00,Biking
15128445777990,943856,434786,43.62072170939932,3.869027813910107,5.03,32,2024-03-04 07:40:39+00:00,Biking
15128445777990,943856,434786,43.62118617483728,3.868849382808425,5.2,32,2024-03-04 07:40:48+00:00,Biking
15128445777990,943856,434786,43.621653303973694,3.868650592387046,3.4,34,2024-03-04 07:41:02+00:00,Biking
15128445777990,943856,434786,43.622093148499076,3.868441201206829,5.09,35,2024-03-04 07:41:12+00:00,Biking
15128445777990,943856,434786,43.62255021456189,3.8682521946465958,6.53,35,2024-03-04 07:41:19+00:00,Biking
15128445777990,943856,434786,43.622996577601484,3.8680249380286207,4.55,35,2024-03-04 07:41:30+00:00,Biking
15128445777990,943856,434786,43.623466339247514,3.8678036434758947,6.34,36,2024-03-04 07:41:39+00:00,Biking
15128445777990,943856,434786,43.62390698541025,3.8675981900206713,5.35,35,2024-03-04 07:41:47+00:00,Biking
15128445777990,943856,434786,43.62435638289597,3.8673789185810956,5.46,37,2024-03-04 07:41:56+00:00,Biking
15128445777990,943856,434786,43.62481635465202,3.867184432161475,4.31,38,2024-03-04 07:42:05+00:00,Biking
15128445777990,943856,434786,43.625258286386234,3.8669553688200384,5.96,40,2024-03-04 07:42:13+00:00,Biking
15128445777990,943856,434786,43.625695616863524,3.8667715075739095,5.63,40,2024-03-04 07:42:21+00:00,Biking
15128445777990,943856,434786,43.62611990364921,3.866560681556819,4.65,39,2024-03-04 07:42:30+00:00,Biking
15128445777990,943856,434786,43.62638907414623,3.8671459248245297,6.58,42,2024-03-04 07:42:43+00:00,Biking
15128445777990,943856,434786,43.62656392630099,3.867768929075509,6.59,42,2024-03-04 07:42:51+00:00,Biking
15128445777990,943856,434786,43.62665820771028,3.868412447762058,6.19,42,2024-03-04 07:42:59+00:00,Biking
15128445777990,943856,434786,43.62674179604782,3.8689289279194234,5.61,43,2024-03-04 07:43:07+00:00,Biking
15128445777990,943856,434786,43.62678049613431,3.8690494985162776,5.14,44,2024-03-04 07:43:08+00:00,Biking
15128445777990,943856,434786,43.62700717247877,3.869584810137599,2.11,47,2024-03-04 07:43:23+00:00,Biking
15128445777990,943856,434786,43.62745856771181,3.8695381975017042,2.59,43,2024-03-04 07:43:59+00:00,Biking
15128445777990,943856,434786,43.627921699027674,3.8694141248903473,5.22,47,2024-03-04 07:44:08+00:00,Biking
15128445777990,943856,434786,43.62839910322586,3.8695600738458698,6.4,46,2024-03-04 07:44:17+00:00,Biking
15128445777990,943856,434786,43.62885167953569,3.8697493099742624,5.03,47,2024-03-04 07:44:26+00:00,Biking
15128445777990,943856,434786,43.629277821802766,3.8700076859436288,5.45,47,2024-03-04 07:44:35+00:00,Biking
15128445777990,943856,434786,43.62973502814661,3.8700023140134454,5.85,49,2024-03-04 07:44:43+00:00,Biking
15128445777990,943856,434786,43.630153937484614,3.869765583191316,5.93,48,2024-03-04 07:44:51+00:00,Biking
15128445777990,943856,434786,43.630575654424014,3.8695219396124663,4.97,49,2024-03-04 07:45:00+00:00,Biking
15128445777990,943856,434786,43.631029105223604,3.869234654698828,5.91,51,2024-03-04 07:45:09+00:00,Biking
15128445777990,943856,434786,43.63146345484907,3.8689483727543257,6.73,52,2024-03-04 07:45:17+00:00,Biking
15128445777990,943856,434786,43.631889849990955,3.8686480393989964,6.28,53,2024-03-04 07:45:25+00:00,Biking
15128445777990,943856,434786,43.632323607392884,3.868335586490016,6.05,54,2024-03-04 07:45:35+00:00,Biking
15128445777990,943856,434786,43.63275689516551,3.868126706678796,5.45,54,2024-03-04 07:45:44+00:00,Biking
15128445777990,943856,434786,43.633241615825455,3.868046808859362,5.36,58,2024-03-04 07:45:54+00:00,Biking
15128445777990,943856,434786,43.63356079881339,3.868486081688946,0.64,57,2024-03-04 07:47:29+00:00,Biking
15128445777990,943856,434786,43.63366765165645,3.8689412076473517,0.0,58,2024-03-04 07:48:07+00:00,Biking
15128445777990,943856,434786,43.63382195362618,3.869040648448856,0.23,59,2024-03-04 07:56:43+00:00,Biking
15163486220922,943790,434746,43.6358079,3.8722085,-1.0,126,2024-03-04 06:51:49+00:00,Walking
15163486220922,943790,434746,43.6356047,3.8715617,1.51,120,2024-03-04 06:53:41+00:00,Walking
15163486220922,943790,434746,43.6353018,3.8711019,1.19,120,2024-03-04 06:54:38+00:00,Walking
15163486220922,943790,434746,43.6350277,3.8706014,1.35,122,2024-03-04 06:55:13+00:00,Walking
15163486220922,943790,434746,43.6345912,3.8704439,1.35,115,2024-03-04 06:55:56+00:00,Walking
15163486220922,943790,434746,43.6341386,3.8704086,1.23,113,2024-03-04 06:56:30+00:00,Walking
15163486220922,943790,434746,43.6337294,3.8701404,1.39,112,2024-03-04 06:57:22+00:00,Walking
15163486220922,943790,434746,43.6341428,3.8699305,0.0,113,2024-03-04 07:02:05+00:00,Walking
15163486220922,944311,434953,43.6358203,3.8722128,0.26,126,2024-03-04 13:52:36+00:00,Walking
15163486220922,944311,434953,43.6356632,3.8715338,1.85,125,2024-03-04 13:54:07+00:00,Walking
15163486220922,944311,434953,43.6353251,3.8710825,1.54,120,2024-03-04 13:55:02+00:00,Walking
15163486220922,944311,434953,43.6350433,3.8705789,1.79,119,2024-03-04 13:55:44+00:00,Walking
15163486220922,944311,434953,43.6346106,3.8704065,1.56,116,2024-03-04 13:56:15+00:00,Walking
15163486220922,944311,434953,43.6341621,3.8704686,1.24,114,2024-03-04 13:56:52+00:00,Walking
15163486220922,944311,434953,43.6337707,3.8701516,1.15,112,2024-03-04 13:57:36+00:00,Walking
15163486220922,944311,434953,43.6335716,3.8695836,1.43,112,2024-03-04 13:58:18+00:00,Walking
15163486220922,944311,434953,43.6335272,3.8689205,1.22,114,2024-03-04 13:59:36+00:00,Walking
15198526663854,944510,435021,43.6327741,3.8700281,2.07,109,2024-03-04 17:23:12+00:00,Walking
15198526663854,944510,435021,43.6323319,3.8693587,1.06,105,2024-03-04 17:24:20+00:00,Walking
15198526663854,944510,435021,43.6322326,3.8687508,1.74,102,2024-03-04 17:24:57+00:00,Walking
15198526663854,944510,435021,43.6317801,3.8688504,1.48,102,2024-03-04 17:32:28+00:00,Walking
15198526663854,944510,435021,43.631383,3.8691494,1.43,102,2024-03-04 17:33:03+00:00,Walking
15198526663854,944510,435021,43.6308403,3.8693211,4.84,102,2024-03-04 17:33:43+00:00,Walking
15198526663854,944510,435021,43.6303751,3.8691248,7.74,102,2024-03-04 17:33:50+00:00,Walking
15198526663854,944510,435021,43.6301657,3.8696746,0.73,101,2024-03-04 17:35:02+00:00,Walking
15198526663854,944510,435021,43.629728,3.8698446,1.13,98,2024-03-04 17:35:42+00:00,Walking
15198526663854,944510,435021,43.6292868,3.8697143,1.31,98,2024-03-04 17:36:24+00:00,Walking
15198526663854,944510,435021,43.6289256,3.8693298,1.48,99,2024-03-04 17:37:06+00:00,Walking
15198526663854,944510,435021,43.628528,3.8689223,8.64,99,2024-03-04 17:37:24+00:00,Walking
15198526663854,944510,435021,43.6281267,3.8685961,4.95,98,2024-03-04 17:38:23+00:00,Walking
15198526663854,944510,435021,43.6279686,3.868012,1.3,98,2024-03-04 17:38:57+00:00,Walking
15198526663854,944510,435021,43.6276458,3.8675792,0.26,96,2024-03-04 17:39:31+00:00,Walking
15198526663854,944510,435021,43.6273096,3.8671437,1.41,91,2024-03-04 17:39:59+00:00,Walking
15198526663854,944510,435021,43.6269245,3.8668069,1.31,94,2024-03-04 17:40:41+00:00,Walking
15198526663854,944510,435021,43.6267687,3.8662236,1.26,94,2024-03-04 17:41:10+00:00,Walking
15198526663854,944510,435029,43.629509,3.8624135,0.0,94,2024-03-04 17:46:35+00:00,Metro
15198526663854,944510,435029,43.6290726,3.8612629,6.36,96,2024-03-04 17:47:26+00:00,Metro
15198526663854,944510,435029,43.6288736,3.8606241,8.72,96,2024-03-04 17:47:31+00:00,Metro
15198526663854,944510,435029,43.6286561,3.8599996,9.52,96,2024-03-04 17:47:36+00:00,Metro
15198526663854,944510,435029,43.6284367,3.8593505,8.89,96,2024-03-04 17:47:42+00:00,Metro
15198526663854,944510,435029,43.6282503,3.8586913,6.72,96,2024-03-04 17:47:50+00:00,Metro
15198526663854,944510,435029,43.6282282,3.8580537,7.68,96,2024-03-04 17:47:57+00:00,Metro
15198526663854,944510,435029,43.6284827,3.8574747,8.54,96,2024-03-04 17:48:03+00:00,Metro
15198526663854,944510,435029,43.6288828,3.8570232,10.3,96,2024-03-04 17:48:09+00:00,Metro
15198526663854,944510,435029,43.6293263,3.8565548,12.54,96,2024-03-04 17:48:14+00:00,Metro
15198526663854,944510,435029,43.6297577,3.8561428,13.59,96,2024-03-04 17:48:18+00:00,Metro
15198526663854,944510,435029,43.6301021,3.8556221,13.17,96,2024-03-04 17:48:22+00:00,Metro
15198526663854,944510,435029,43.6304157,3.8550969,13.24,96,2024-03-04 17:48:26+00:00,Metro
15198526663854,944510,435029,43.6306864,3.8545934,12.52,96,2024-03-04 17:48:30+00:00,Metro
15198526663854,944510,435029,43.6310063,3.8540172,10.54,96,2024-03-04 17:48:35+00:00,Metro
15198526663854,944510,435029,43.6312107,3.8534364,6.76,96,2024-03-04 17:48:42+00:00,Metro
15198526663854,944510,435029,43.6314613,3.852887,5.17,96,2024-03-04 17:48:51+00:00,Metro
15198526663854,944510,435029,43.631775,3.8524023,3.71,101,2024-03-04 17:49:25+00:00,Metro
15198526663854,944510,435029,43.6320539,3.8519097,6.99,101,2024-03-04 17:49:31+00:00,Metro
15198526663854,944510,435029,43.6323893,3.8513316,9.48,101,2024-03-04 17:49:36+00:00,Metro
15198526663854,944510,435029,43.6327198,3.8507583,10.67,101,2024-03-04 17:49:41+00:00,Metro
15198526663854,944510,435029,43.6330672,3.85028,9.42,101,2024-03-04 17:49:46+00:00,Metro
15198526663854,944510,435029,43.6333529,3.849776,10.7,101,2024-03-04 17:49:51+00:00,Metro
15198526663854,944510,435029,43.6337905,3.8492655,13.39,101,2024-03-04 17:49:56+00:00,Metro
15198526663854,944510,435029,43.6341863,3.8488712,8.46,101,2024-03-04 17:50:02+00:00,Metro
15198526663854,944510,435029,43.6345954,3.8485516,5.04,101,2024-03-04 17:50:10+00:00,Metro
15198526663854,944510,435029,43.6349914,3.8481141,5.81,101,2024-03-04 17:50:53+00:00,Metro
15198526663854,944510,435029,43.6354285,3.8477895,6.51,107,2024-03-04 17:51:01+00:00,Metro
15198526663854,944510,435029,43.6357917,3.8473966,7.42,105,2024-03-04 17:51:08+00:00,Metro
15198526663854,944510,435029,43.6357952,3.8467516,8.42,106,2024-03-04 17:51:14+00:00,Metro
15198526663854,944510,435029,43.6355795,3.8461401,8.79,106,2024-03-04 17:51:20+00:00,Metro
15198526663854,944510,435029,43.6353714,3.8454805,9.52,102,2024-03-04 17:51:26+00:00,Metro
15198526663854,944510,435029,43.6351701,3.8448351,8.74,101,2024-03-04 17:51:32+00:00,Metro
15198526663854,944510,435029,43.6350096,3.8442502,8.27,100,2024-03-04 17:51:38+00:00,Metro
15198526663854,944510,435029,43.6347066,3.8437337,9.57,100,2024-03-04 17:51:44+00:00,Metro
15198526663854,944510,435029,43.6342207,3.8435238,9.02,100,2024-03-04 17:51:50+00:00,Metro
15198526663854,944510,435029,43.6337212,3.8433822,9.33,98,2024-03-04 17:51:56+00:00,Metro
15198526663854,944510,435029,43.6332657,3.8432971,10.63,100,2024-03-04 17:52:02+00:00,Metro
15198526663854,944510,435029,43.6327391,3.8431278,11.51,99,2024-03-04 17:52:07+00:00,Metro
15198526663854,944510,435029,43.6322886,3.8429698,10.34,100,2024-03-04 17:52:12+00:00,Metro
15198526663854,944510,435029,43.631794,3.8430316,9.06,105,2024-03-04 17:52:18+00:00,Metro
15198526663854,944510,435029,43.6312999,3.8430978,5.31,104,2024-03-04 17:53:01+00:00,Metro
15198526663854,944510,435029,43.6308199,3.8430489,4.56,104,2024-03-04 17:53:12+00:00,Metro
15198526663854,944510,435029,43.6304891,3.8425918,6.44,104,2024-03-04 17:53:20+00:00,Metro
15198526663854,944510,435029,43.6304196,3.8418871,7.56,104,2024-03-04 17:53:28+00:00,Metro
15198526663854,944510,435029,43.630636,3.8413418,9.36,104,2024-03-04 17:53:33+00:00,Metro
15198526663854,944510,435029,43.6309558,3.8407345,10.03,104,2024-03-04 17:53:39+00:00,Metro
15198526663854,944510,435029,43.6311076,3.8400296,11.8,104,2024-03-04 17:53:44+00:00,Metro
15198526663854,944510,435029,43.6312517,3.8394041,12.84,104,2024-03-04 17:53:48+00:00,Metro
15198526663854,944510,435029,43.6314468,3.8388068,12.51,104,2024-03-04 17:53:52+00:00,Metro
15198526663854,944510,435029,43.6317378,3.8381827,10.95,104,2024-03-04 17:53:57+00:00,Metro
15198526663854,944510,435029,43.6320864,3.8376668,13.09,104,2024-03-04 17:54:02+00:00,Metro
15198526663854,944510,435029,43.6324982,3.8371899,14.79,104,2024-03-04 17:54:06+00:00,Metro
15198526663854,944510,435029,43.6328922,3.8366656,14.52,104,2024-03-04 17:54:10+00:00,Metro
15198526663854,944510,435029,43.6332364,3.8360823,15.25,104,2024-03-04 17:54:14+00:00,Metro
15198526663854,944510,435029,43.6335545,3.8354842,14.88,104,2024-03-04 17:54:18+00:00,Metro
15198526663854,944510,435029,43.6338182,3.8347965,15.2,104,2024-03-04 17:54:22+00:00,Metro
15198526663854,944510,435029,43.6340082,3.8341572,11.13,90,2024-03-04 17:54:28+00:00,Metro
15198526663854,944510,435029,43.634346,3.8336479,7.84,113,2024-03-04 17:54:35+00:00,Metro
15198526663854,944510,435029,43.6339,3.8337565,1.54,119,2024-03-04 17:55:56+00:00,Metro
15198526663854,944510,435029,43.6334606,3.8336075,1.45,119,2024-03-04 17:56:38+00:00,Metro
15198526663854,944510,435035,43.6334606,3.8336075,0.0,119,2024-03-04 17:56:38+00:00,Walking
15198526663854,944510,435035,43.6336159,3.8336271,0.74,119,2024-03-04 18:09:41+00:00,Walking
15198526663854,944510,435035,43.6340741,3.8336126,1.11,119,2024-03-04 18:10:32+00:00,Walking
15198526663854,944510,435035,43.6345023,3.8334169,1.19,121,2024-03-04 18:11:10+00:00,Walking
15198526663854,944510,435035,43.6347077,3.8328564,0.2,121,2024-03-04 18:14:37+00:00,Walking
15198526663854,944510,435035,43.6349708,3.8322141,14.92,121,2024-03-04 18:14:39+00:00,Walking
15198526663854,944510,435035,43.6353681,3.8318885,17.68,121,2024-03-04 18:14:41+00:00,Walking
15198526663854,944510,435035,43.6359281,3.8316381,10.66,121,2024-03-04 18:14:44+00:00,Walking
15198526663854,944510,435035,43.6363407,3.8313676,10.53,119,2024-03-04 18:14:48+00:00,Walking
15198526663854,944510,435035,43.6367937,3.8311707,9.74,119,2024-03-04 18:14:53+00:00,Walking
15198526663854,944510,435035,43.6372909,3.8309701,7.29,127,2024-03-04 18:15:11+00:00,Walking
15198526663854,944510,435035,43.6377278,3.8306309,11.34,127,2024-03-04 18:15:16+00:00,Walking
15198526663854,944510,435035,43.6381709,3.8301701,11.61,127,2024-03-04 18:15:21+00:00,Walking
15198526663854,944510,435035,43.638578,3.8296862,10.88,127,2024-03-04 18:15:26+00:00,Walking
15198526663854,944510,435035,43.6389081,3.8292625,9.09,127,2024-03-04 18:15:31+00:00,Walking
15198526663854,944510,435035,43.6392126,3.8287022,7.0,127,2024-03-04 18:15:39+00:00,Walking
15198526663854,944510,435035,43.6391437,3.8280487,5.51,127,2024-03-04 18:15:48+00:00,Walking
15198526663854,944510,435035,43.6389321,3.8274727,5.8,130,2024-03-04 18:16:23+00:00,Walking
15198526663854,944510,435035,43.6387021,3.8268274,11.03,130,2024-03-04 18:16:29+00:00,Walking
15198526663854,944510,435035,43.6384842,3.8262762,12.42,130,2024-03-04 18:16:33+00:00,Walking
15198526663854,944510,435035,43.6382443,3.8256406,10.49,130,2024-03-04 18:16:38+00:00,Walking
15198526663854,944510,435035,43.6380279,3.8250582,10.32,130,2024-03-04 18:16:43+00:00,Walking
15198526663854,944510,435035,43.6377667,3.8244325,9.81,130,2024-03-04 18:16:49+00:00,Walking
15198526663854,944510,435035,43.6375527,3.8238597,8.45,130,2024-03-04 18:16:55+00:00,Walking
15198526663854,944510,435035,43.637356,3.8232325,5.65,130,2024-03-04 18:17:03+00:00,Walking
15198526663854,944510,435035,43.6370867,3.8226861,4.7,145,2024-03-04 18:17:13+00:00,Walking
15269669381322,943789,434745,43.6141693,3.8825127,1.65,79,2024-03-04 06:43:21+00:00,Bus
15269669381322,943789,434745,43.6145386,3.8820356,1.66,73,2024-03-04 06:43:28+00:00,Bus
15269669381322,943789,434745,43.6145698,3.8819874,1.41,73,2024-03-04 06:43:37+00:00,Bus
15269669381322,943789,434745,43.6140898,3.8805485,6.9,77,2024-03-04 06:44:54+00:00,Bus
15269669381322,943789,434745,43.6146126,3.8798797,7.03,76,2024-03-04 06:45:04+00:00,Bus
15269669381322,943789,434745,43.6148055,3.8790555,7.79,75,2024-03-04 06:45:14+00:00,Bus
15269669381322,943789,434745,43.6147633,3.8783624,3.01,75,2024-03-04 06:45:29+00:00,Bus
15269669381322,943789,434745,43.6148588,3.8777378,-1.0,75,2024-03-04 06:46:17+00:00,Bus
15269669381322,943789,434745,43.614931,3.876567,2.62,74,2024-03-04 06:46:29+00:00,Bus
15269669381322,943789,434745,43.6149968,3.8759463,4.53,75,2024-03-04 06:46:39+00:00,Bus
15269669381322,943789,434745,43.6152015,3.8753073,2.87,75,2024-03-04 06:46:59+00:00,Bus
15269669381322,943789,434745,43.6154434,3.8746772,2.14,76,2024-03-04 06:47:24+00:00,Bus
15269669381322,943789,434745,43.6159812,3.8746267,2.87,76,2024-03-04 06:47:44+00:00,Bus
15269669381322,943789,434745,43.6164346,3.8746565,3.92,77,2024-03-04 06:47:59+00:00,Bus
15269669381322,943789,434745,43.6169401,3.8736758,10.91,77,2024-03-04 06:49:01+00:00,Bus
15269669381322,943789,434745,43.6168538,3.8727851,7.53,77,2024-03-04 06:49:11+00:00,Bus
15269669381322,943789,434745,43.6172113,3.8721212,5.37,77,2024-03-04 06:49:26+00:00,Bus
15269669381322,943789,434745,43.6173868,3.8713304,6.42,78,2024-03-04 06:49:51+00:00,Bus
15269669381322,943789,434745,43.6173345,3.8707113,2.82,77,2024-03-04 06:50:08+00:00,Bus
15269669381322,943789,434745,43.6173235,3.8713648,2.31,77,2024-03-04 06:50:11+00:00,Bus
15269669381322,943789,434745,43.6175377,3.8700886,3.57,79,2024-03-04 06:50:27+00:00,Bus
15269669381322,943789,434745,43.6189129,3.8694928,11.18,81,2024-03-04 06:50:50+00:00,Bus
15269669381322,943789,434745,43.6193492,3.8692872,6.19,81,2024-03-04 06:51:40+00:00,Bus
15269669381322,943789,434745,43.6203858,3.869292,12.93,83,2024-03-04 06:51:55+00:00,Bus
15269669381322,943789,434745,43.6268421,3.8659341,1.11,93,2024-03-04 06:54:30+00:00,Bus
15269669381322,943789,434754,43.6268421,3.8659341,0.0,93,2024-03-04 06:54:30+00:00,Walking
15269669381322,943789,434754,43.6266414,3.8664909,1.43,93,2024-03-04 06:55:13+00:00,Walking
15269669381322,943789,434754,43.6270513,3.8667767,1.42,94,2024-03-04 06:57:26+00:00,Walking
15269669381322,943789,434754,43.6275449,3.8669955,1.48,95,2024-03-04 06:58:22+00:00,Walking
15269669381322,943789,434754,43.6276823,3.8675884,1.42,96,2024-03-04 06:58:45+00:00,Walking
15269669381322,943789,434754,43.6279511,3.8680967,1.41,96,2024-03-04 06:59:16+00:00,Walking
15269669381322,943789,434754,43.6283085,3.8684891,1.45,98,2024-03-04 06:59:43+00:00,Walking
15269669381322,943789,434754,43.6286824,3.8688374,1.25,99,2024-03-04 07:00:27+00:00,Walking
15269669381322,943789,434754,43.6289975,3.8692859,1.28,99,2024-03-04 07:01:03+00:00,Walking
15269669381322,943789,434754,43.6292751,3.8697748,1.27,99,2024-03-04 07:01:40+00:00,Walking
15269669381322,943789,434754,43.629729,3.8696527,1.46,100,2024-03-04 07:02:24+00:00,Walking
15269669381322,943789,434754,43.6300442,3.8701863,1.41,100,2024-03-04 07:02:26+00:00,Walking
15269669381322,943789,434754,43.630375,3.8706296,1.37,100,2024-03-04 07:02:34+00:00,Walking
15269669381322,943789,434754,43.630789,3.8708772,1.46,105,2024-03-04 07:04:46+00:00,Walking
15269669381322,943789,434754,43.631395,3.8705611,7.59,105,2024-03-04 07:04:51+00:00,Walking
15269669381322,943789,434754,43.6318474,3.8706542,1.44,104,2024-03-04 07:05:33+00:00,Walking
15269669381322,943789,434754,43.632273,3.8704303,1.42,105,2024-03-04 07:06:04+00:00,Walking
15269669381322,943789,434754,43.6341854,3.8697216,1.45,115,2024-03-04 07:08:52+00:00,Walking
15321168214116,944017,434799,43.62533380747179,3.8433199469035895,1.82,53,2024-03-04 09:13:18+00:00,Walking
15321168214116,944017,434799,43.625555546903584,3.843887620966162,1.48,52,2024-03-04 09:14:05+00:00,Walking
15321168214116,944017,434799,43.62539436075067,3.8444865781456703,1.52,49,2024-03-04 09:14:37+00:00,Walking
15321168214116,944017,434799,43.62528931729945,3.8451085551786073,1.54,48,2024-03-04 09:15:08+00:00,Walking
15321168214116,944017,434799,43.625160658757366,3.845716628811342,1.22,47,2024-03-04 09:15:38+00:00,Walking
15321168214116,944017,434799,43.6250329170083,3.846341758219654,1.73,47,2024-03-04 09:16:09+00:00,Walking
15321168214116,944017,434799,43.62487775114926,3.8469242101889805,1.67,45,2024-03-04 09:16:40+00:00,Walking
15321168214116,944017,434799,43.625081458780066,3.8474779729295236,1.68,47,2024-03-04 09:17:11+00:00,Walking
15321168214116,944017,434799,43.62542840269169,3.847876008440504,1.62,47,2024-03-04 09:17:45+00:00,Walking
15321168214116,944017,434799,43.62577412684365,3.848282255314749,1.54,47,2024-03-04 09:18:21+00:00,Walking
15321168214116,944017,434799,43.62577349143027,3.8489109837962743,1.75,43,2024-03-04 09:19:12+00:00,Walking
15321168214116,944017,434799,43.6255487094482,3.8494586487179334,1.23,40,2024-03-04 09:19:47+00:00,Walking
15321168214116,944017,434799,43.62536460043285,3.850032510760051,1.49,42,2024-03-04 09:20:19+00:00,Walking
15321168214116,944017,434799,43.6251682951969,3.850613247789064,1.43,41,2024-03-04 09:20:50+00:00,Walking
15321168214116,944017,434799,43.62509523588159,3.850742529523269,1.44,42,2024-03-04 09:20:58+00:00,Walking
15321168214116,944018,434800,43.62507628336026,3.850753948096391,0.22,41,2024-03-04 09:21:14+00:00,Bus
15321168214116,944018,434800,43.62473303456197,3.851738227534901,9.87,38,2024-03-04 09:21:30+00:00,Bus
15321168214116,944018,434800,43.6245127032581,3.852353184123444,10.12,39,2024-03-04 09:21:35+00:00,Bus
15321168214116,944018,434800,43.62427319171485,3.852894013945136,10.11,40,2024-03-04 09:21:40+00:00,Bus
15321168214116,944018,434800,43.623993361254,3.8533884611288016,9.96,39,2024-03-04 09:21:45+00:00,Bus
15321168214116,944018,434800,43.623608140079575,3.8538094085436194,9.39,37,2024-03-04 09:21:50+00:00,Bus
15321168214116,944018,434800,43.623227565799155,3.8542504295187743,8.95,35,2024-03-04 09:21:56+00:00,Bus
15321168214116,944018,434800,43.62278346242105,3.854490841414,3.36,36,2024-03-04 09:22:22+00:00,Bus
15321168214116,944018,434800,43.62235054642554,3.854840841863514,7.47,36,2024-03-04 09:22:29+00:00,Bus
15321168214116,944018,434800,43.62200821957842,3.8553699163487556,8.03,36,2024-03-04 09:23:00+00:00,Bus
15321168214116,944018,434800,43.621683196261834,3.855885360443772,8.51,35,2024-03-04 09:23:06+00:00,Bus
15321168214116,944018,434800,43.62131919682653,3.856402285054723,9.67,34,2024-03-04 09:23:12+00:00,Bus
15321168214116,944018,434800,43.62104361193989,3.856987560782643,7.37,33,2024-03-04 09:23:19+00:00,Bus
15321168214116,944018,434800,43.62079123043636,3.857540802856795,1.49,34,2024-03-04 09:24:30+00:00,Bus
15321168214116,944018,434800,43.62052039399968,3.858050780642239,6.02,35,2024-03-04 09:24:38+00:00,Bus
15321168214116,944018,434800,43.62027463762438,3.8585948690397323,5.88,35,2024-03-04 09:25:02+00:00,Bus
15321168214116,944018,434800,43.62006714562103,3.8591867746448716,5.44,35,2024-03-04 09:25:16+00:00,Bus
15321168214116,944018,434800,43.619831876055734,3.8598387949666244,8.87,35,2024-03-04 09:25:24+00:00,Bus
15321168214116,944018,434800,43.61959705536499,3.860385186117605,7.94,37,2024-03-04 09:25:30+00:00,Bus
15321168214116,944018,434800,43.61936893400345,3.860970916235466,4.12,39,2024-03-04 09:25:39+00:00,Bus
15321168214116,944018,434800,43.61917311584142,3.861531129446952,5.79,41,2024-03-04 09:26:23+00:00,Bus
15321168214116,944018,434800,43.61893179020444,3.8621563041574274,8.8,44,2024-03-04 09:26:30+00:00,Bus
15321168214116,944018,434800,43.618664659338485,3.8626586690221285,7.05,43,2024-03-04 09:26:36+00:00,Bus
15321168214116,944018,434800,43.61831327228075,3.8630801291531274,4.71,42,2024-03-04 09:26:50+00:00,Bus
15321168214116,944018,434800,43.61830303872089,3.8637758419337644,6.98,40,2024-03-04 09:27:00+00:00,Bus
15321168214116,944018,434800,43.61836005366695,3.86440080670667,2.58,38,2024-03-04 09:27:23+00:00,Bus
15321168214116,944018,434800,43.61832195229537,3.865074608187902,7.92,35,2024-03-04 09:27:31+00:00,Bus
15321168214116,944018,434800,43.6181084550433,3.8656887613754565,7.16,35,2024-03-04 09:27:38+00:00,Bus
15321168214116,944020,434802,43.6177459945094,3.866913879925617,-1.0,33,2024-03-04 09:29:57+00:00,Walking
15321168214116,944020,434802,43.61741748647762,3.8672717470853772,1.49,32,2024-03-04 09:30:26+00:00,Walking
15321168214116,944020,434802,43.61730863516834,3.8678784319020476,1.49,30,2024-03-04 09:30:55+00:00,Walking
15321168214116,944020,434802,43.61707395393813,3.8684297418774682,1.44,29,2024-03-04 09:31:27+00:00,Walking
15321168214116,944020,434802,43.616884868066585,3.869005410774087,1.33,29,2024-03-04 09:31:59+00:00,Walking
15321168214116,944020,434802,43.61681959008529,3.8696320824852757,1.13,29,2024-03-04 09:32:38+00:00,Walking
15321168214116,944020,434802,43.6165699095256,3.8701611977161683,1.45,28,2024-03-04 09:33:10+00:00,Walking
15321168214116,944020,434802,43.61642150172586,3.870755923887258,1.39,28,2024-03-04 09:33:41+00:00,Walking
15321168214116,944020,434802,43.61613917701845,3.871238583105968,1.36,29,2024-03-04 09:34:11+00:00,Walking
15321168214116,944020,434802,43.61605371748823,3.8718510595103397,1.3,29,2024-03-04 09:34:44+00:00,Walking
15321168214116,944020,434802,43.616363206472776,3.872319416115497,1.17,27,2024-03-04 09:35:10+00:00,Walking
15321168214116,944020,434802,43.61630425345255,3.8728485464164537,1.0,25,2024-03-04 09:35:50+00:00,Walking
15321168214116,944020,434802,43.61631255552335,3.8729533247308576,0.91,25,2024-03-04 09:35:54+00:00,Walking
15321168214116,944020,434802,43.616101231406326,3.873760023673782,1.93,26,2024-03-04 09:36:55+00:00,Walking
15321168214116,944020,434802,43.61595256888915,3.873769678162553,0.23,25,2024-03-04 09:37:00+00:00,Walking
15321168214116,944086,434877,43.61654575918207,3.874024786058696,0.31,26,2024-03-04 10:47:39+00:00,Bus
15321168214116,944086,434877,43.61631184280396,3.874740939337077,3.54,25,2024-03-04 10:48:12+00:00,Bus
15321168214116,944086,434877,43.61590774929842,3.8744027380957364,2.91,25,2024-03-04 10:48:27+00:00,Bus
15321168214116,944086,434877,43.61545680924264,3.874569026805697,2.21,26,2024-03-04 10:48:42+00:00,Bus
15321168214116,944086,434877,43.615292518283475,3.87518137020053,3.45,25,2024-03-04 10:49:00+00:00,Bus
15321168214116,944086,434877,43.61511556500015,3.8757635138576365,8.37,25,2024-03-04 10:49:08+00:00,Bus
15321168214116,944086,434877,43.615002777315006,3.8763663717114833,7.99,24,2024-03-04 10:49:14+00:00,Bus
15321168214116,944086,434877,43.61486510328253,3.877024831729489,6.54,24,2024-03-04 10:49:21+00:00,Bus
15321168214116,944086,434877,43.61477090411958,3.877647284758358,5.83,23,2024-03-04 10:49:30+00:00,Bus
15321168214116,944086,434877,43.61476283291011,3.878299140904101,3.25,24,2024-03-04 10:50:17+00:00,Bus
15321168214116,944086,434877,43.61475157613667,3.8787089675349162,6.89,24,2024-03-04 10:50:22+00:00,Bus
15321168214116,944086,434877,43.614677418000134,3.87966085872998,7.17,24,2024-03-04 10:50:32+00:00,Bus
15321168214116,944086,434877,43.61440993138198,3.8802630168637497,7.0,23,2024-03-04 10:50:40+00:00,Bus
15321168214116,944086,434877,43.61404662406683,3.8807205244992713,6.69,25,2024-03-04 10:50:48+00:00,Bus
15321168214116,944086,434877,43.61403788780021,3.881364647286651,5.49,22,2024-03-04 10:50:57+00:00,Bus
15321168214116,944086,434877,43.61421128290225,3.881957405003236,2.07,23,2024-03-04 10:51:43+00:00,Bus
15321168214116,944086,434877,43.614369795589305,3.8825711074368203,2.15,22,2024-03-04 10:52:02+00:00,Bus
15321168214116,944086,434877,43.61388935282834,3.8827529299328893,4.8,24,2024-03-04 10:52:24+00:00,Bus
15321168214116,944086,434877,43.61342213278129,3.8825856326231056,9.2,29,2024-03-04 10:52:31+00:00,Bus
15321168214116,944086,434877,43.6129621511097,3.8825706737849024,10.51,30,2024-03-04 10:52:36+00:00,Bus
15321168214116,944086,434877,43.61243327790939,3.8825787571573707,11.89,29,2024-03-04 10:52:41+00:00,Bus
15321168214116,944086,434877,43.611890215624314,3.8826177766897145,12.0,29,2024-03-04 10:52:46+00:00,Bus
15321168214116,944086,434877,43.61142820711367,3.882665729358906,12.35,29,2024-03-04 10:52:50+00:00,Bus
15321168214116,944086,434877,43.6108704371922,3.882725013113096,12.37,28,2024-03-04 10:52:55+00:00,Bus
15321168214116,944086,434877,43.61040505702743,3.8828068956086708,10.4,29,2024-03-04 10:53:01+00:00,Bus
15321168214116,944086,434877,43.610445621014094,3.88213871854926,5.51,37,2024-03-04 10:53:37+00:00,Bus
15321168214116,944086,434877,43.610051963906955,3.8815688911089823,5.67,37,2024-03-04 10:53:39+00:00,Bus
15321168214116,944086,434877,43.609536908092586,3.881110368542054,5.64,38,2024-03-04 10:53:42+00:00,Bus
15321168214116,944086,434877,43.60911076283773,3.8807218970489634,4.48,39,2024-03-04 10:53:46+00:00,Bus
15321168214116,944086,434877,43.60880888157506,3.8802487997021626,3.5,39,2024-03-04 10:53:55+00:00,Bus
15321168214116,944086,434877,43.60849436312992,3.879786090088854,3.7,41,2024-03-04 10:54:06+00:00,Bus
15321168214116,944086,434877,43.60803691643062,3.879425439430193,3.75,35,2024-03-04 10:55:01+00:00,Bus
15321168214116,944086,434877,43.60753752962854,3.879696769063704,5.21,33,2024-03-04 10:55:13+00:00,Bus
15321168214116,944086,434877,43.60706253588244,3.879788095423761,5.6,32,2024-03-04 10:55:21+00:00,Bus
15321168214116,944086,434877,43.60698024849556,3.8798604141612723,5.23,32,2024-03-04 10:55:23+00:00,Bus
15321168214116,944086,434877,43.60657437504962,3.879983999676864,4.81,31,2024-03-04 10:55:32+00:00,Bus
15321168214116,944086,434877,43.60610810796133,3.880104241653608,4.41,30,2024-03-04 10:55:42+00:00,Bus
15321168214116,944086,434877,43.60568074783868,3.8803000561595344,0.0,29,2024-03-04 10:56:37+00:00,Bus
15321168214116,944086,434877,43.605243604526585,3.8804483982108406,1.89,28,2024-03-04 10:56:55+00:00,Bus
15321168214116,944086,434877,43.60532049814952,3.8810602775022396,2.45,28,2024-03-04 10:57:19+00:00,Bus
15321168214116,944086,434877,43.605626273686426,3.8815262579586554,1.66,30,2024-03-04 10:57:36+00:00,Bus
15321168214116,944086,434877,43.60574960338846,3.8821588501211557,2.7,32,2024-03-04 10:58:39+00:00,Bus
15321168214116,944086,434877,43.606116779674004,3.8826167853247977,6.56,32,2024-03-04 10:58:52+00:00,Bus
15321168214116,944086,434877,43.60654115063097,3.882927040074471,7.88,33,2024-03-04 10:58:59+00:00,Bus
15321168214116,944086,434877,43.6070062458938,3.8831884167456234,6.12,34,2024-03-04 10:59:07+00:00,Bus
15321168214116,944086,434877,43.60747930498682,3.8833909071938284,6.02,30,2024-03-04 10:59:39+00:00,Bus
15321168214116,944086,434877,43.60792448675861,3.8835150863051173,5.91,30,2024-03-04 10:59:47+00:00,Bus
15321168214116,944086,434877,43.607921690868736,3.8841512434278296,7.45,31,2024-03-04 10:59:56+00:00,Bus
15321168214116,944086,434877,43.607674211961964,3.884766655828697,7.51,31,2024-03-04 11:00:03+00:00,Bus
15321168214116,944086,434877,43.607505017754676,3.88538739860144,7.84,31,2024-03-04 11:00:10+00:00,Bus
15321168214116,944086,434877,43.60753507852574,3.8860199215500675,5.74,30,2024-03-04 11:00:18+00:00,Bus
15321168214116,944086,434877,43.607539662894624,3.886318495667909,4.55,28,2024-03-04 11:00:23+00:00,Bus
15321168214116,944086,434877,43.60780871274483,3.886549288947434,6.28,27,2024-03-04 11:00:29+00:00,Bus
15321168214116,944086,434877,43.60827424362648,3.8865940176915164,6.87,28,2024-03-04 11:00:36+00:00,Bus
15321168214116,944086,434877,43.60872838416021,3.8866569697255,1.47,33,2024-03-04 11:01:13+00:00,Bus
15321168214116,944086,434877,43.60910633899252,3.887061900670094,5.71,26,2024-03-04 11:01:24+00:00,Bus
15321168214116,944086,434877,43.6090752179933,3.8877538942823215,9.27,23,2024-03-04 11:01:30+00:00,Bus
15321168214116,944086,434877,43.609013997933715,3.888466826723611,9.27,21,2024-03-04 11:01:36+00:00,Bus
15321168214116,944086,434877,43.60897541240749,3.8891464946256167,7.21,20,2024-03-04 11:01:43+00:00,Bus
15321168214116,944086,434877,43.60890532566646,3.8897898731051503,5.19,19,2024-03-04 11:01:52+00:00,Bus
15321168214116,944086,434877,43.60900594035693,3.890409580926761,0.25,18,2024-03-04 11:07:26+00:00,Bus
15321168214116,944086,434877,43.60895823416607,3.8897554455373036,7.83,20,2024-03-04 11:07:51+00:00,Bus
15321168214116,944086,434877,43.609002692974634,3.8890684761163925,9.64,20,2024-03-04 11:07:56+00:00,Bus
15321168214116,944086,434877,43.60912677740747,3.8883930164823717,9.44,20,2024-03-04 11:08:01+00:00,Bus
15321168214116,944086,434877,43.6091678085325,3.887694743580124,8.66,21,2024-03-04 11:08:06+00:00,Bus
15321168214116,944086,434877,43.60919786399144,3.887064990450645,5.49,23,2024-03-04 11:08:14+00:00,Bus
15321168214116,944086,434877,43.60882256867325,3.8866255312937823,5.21,24,2024-03-04 11:08:23+00:00,Bus
15321168214116,944086,434877,43.60835257212323,3.8865252018436833,7.12,24,2024-03-04 11:09:01+00:00,Bus
15321168214116,944086,434877,43.607891672722175,3.8864894512331816,6.43,25,2024-03-04 11:09:08+00:00,Bus
15321168214116,944086,434877,43.607534838315836,3.8861053791550852,6.12,27,2024-03-04 11:09:17+00:00,Bus
15321168214116,944086,434877,43.60752484103373,3.8854139546742674,7.16,30,2024-03-04 11:09:24+00:00,Bus
15321168214116,944086,434877,43.60768188019017,3.88483312337956,8.27,35,2024-03-04 11:09:30+00:00,Bus
15321168214116,944086,434877,43.60792992008898,3.884250466523716,6.97,37,2024-03-04 11:09:37+00:00,Bus
15321168214116,944086,434877,43.60812463095583,3.8836886850402466,5.28,37,2024-03-04 11:09:45+00:00,Bus
15321168214116,944086,434877,43.607645233597495,3.8834091375622686,8.3,36,2024-03-04 11:09:52+00:00,Bus
15321168214116,944086,434877,43.607192275927375,3.8833208687207743,4.55,37,2024-03-04 11:10:00+00:00,Bus
15321168214116,944086,434877,43.6067286313925,3.88308373315767,7.73,30,2024-03-04 11:10:37+00:00,Bus
15321168214116,944086,434877,43.60633610976324,3.882707178235539,6.42,31,2024-03-04 11:10:44+00:00,Bus
15321168214116,944086,434877,43.60592810021028,3.8823901378230135,1.95,35,2024-03-04 11:11:06+00:00,Bus
15321168214116,944086,434877,43.60580919598383,3.8817623996264516,3.93,31,2024-03-04 11:11:22+00:00,Bus
15321168214116,944086,434877,43.605551697516255,3.8811915985079093,2.43,30,2024-03-04 11:11:43+00:00,Bus
15321168214116,944086,434877,43.60531294432242,3.880885836022792,3.77,27,2024-03-04 11:11:52+00:00,Bus
15321168214116,944086,434877,43.60523064282973,3.8807254958585777,2.22,27,2024-03-04 11:11:58+00:00,Bus
15321168214116,944086,434877,43.605597728178026,3.8803439944534728,5.28,28,2024-03-04 11:12:16+00:00,Bus
15321168214116,944086,434877,43.606082263307655,3.8801150216970366,4.03,29,2024-03-04 11:13:05+00:00,Bus
15321168214116,944086,434877,43.60655869732984,3.879942921871726,5.61,32,2024-03-04 11:13:14+00:00,Bus
15321168214116,944086,434877,43.607054608626164,3.879747918613852,6.32,32,2024-03-04 11:13:23+00:00,Bus
15321168214116,944086,434877,43.60750187379413,3.8796365295251074,5.98,34,2024-03-04 11:13:31+00:00,Bus
15321168214116,944086,434877,43.60795410780237,3.879522411440049,4.88,35,2024-03-04 11:13:41+00:00,Bus
15321168214116,944086,434877,43.607704730372824,3.8790048828954644,1.53,34,2024-03-04 11:15:07+00:00,Bus
15321168214116,944086,434877,43.60724757251593,3.879024143384707,1.35,32,2024-03-04 11:16:21+00:00,Bus
15321168214116,944305,434947,43.60937402809342,3.8817258048819316,0.0,34,2024-03-04 12:39:04+00:00,Bus
15321168214116,944305,434947,43.60993707629045,3.8817211794383613,4.01,35,2024-03-04 12:39:24+00:00,Bus
15321168214116,944305,434947,43.61039479034811,3.881728937205242,10.82,35,2024-03-04 12:39:26+00:00,Bus
15321168214116,944305,434947,43.61087194697596,3.881817053037365,13.16,37,2024-03-04 12:39:28+00:00,Bus
15321168214116,944305,434947,43.611405262825876,3.881928152334627,14.91,37,2024-03-04 12:39:31+00:00,Bus
15321168214116,944305,434947,43.61185582027422,3.881933476111912,13.82,37,2024-03-04 12:39:34+00:00,Bus
15321168214116,944305,434947,43.61222155252725,3.8823296069280375,13.42,37,2024-03-04 12:39:37+00:00,Bus
15321168214116,944305,434947,43.61268326980558,3.882360459442714,9.6,38,2024-03-04 12:39:42+00:00,Bus
15321168214116,944305,434947,43.613087372855766,3.8826719520323807,6.91,38,2024-03-04 12:39:48+00:00,Bus
15321168214116,944305,434947,43.61356416558076,3.8827508243519127,4.81,36,2024-03-04 12:39:58+00:00,Bus
15321168214116,944305,434947,43.614028324681875,3.8828718642697964,2.59,35,2024-03-04 12:40:25+00:00,Bus
15321168214116,944305,434947,43.614432706495464,3.882580814541817,2.4,23,2024-03-04 12:40:50+00:00,Bus
15321168214116,944305,434947,43.614281896375914,3.8819628157485333,4.17,22,2024-03-04 12:41:08+00:00,Bus
15321168214116,944305,434947,43.61411406644406,3.881358627338439,3.16,23,2024-03-04 12:43:16+00:00,Bus
15321168214116,944305,434947,43.614091196402136,3.8806868061810915,7.13,26,2024-03-04 12:43:26+00:00,Bus
15321168214116,944305,434947,43.61444672306006,3.880216385502565,6.57,23,2024-03-04 12:43:33+00:00,Bus
15321168214116,944305,434947,43.61471933527225,3.8796778988263196,8.11,23,2024-03-04 12:43:39+00:00,Bus
15321168214116,944305,434947,43.614791732528495,3.8790408492996393,7.19,23,2024-03-04 12:43:45+00:00,Bus
15321168214116,944305,434947,43.61479307424834,3.8784203584907986,5.28,23,2024-03-04 12:43:53+00:00,Bus
15321168214116,944305,434947,43.61482640452816,3.8782424014925283,0.0,23,2024-03-04 12:44:25+00:00,Bus
15321168214116,944305,434947,43.61485103968257,3.8777443251584236,6.01,23,2024-03-04 12:44:35+00:00,Bus
15321168214116,944305,434947,43.614904193643895,3.877026152356751,8.9,24,2024-03-04 12:44:41+00:00,Bus
15321168214116,944305,434947,43.61503085976793,3.8764034342552933,8.52,24,2024-03-04 12:44:47+00:00,Bus
15321168214116,944305,434947,43.6151962092842,3.8757698006495476,6.02,24,2024-03-04 12:44:55+00:00,Bus
15321168214116,944305,434947,43.6153625063341,3.875139057147942,2.83,25,2024-03-04 12:45:21+00:00,Bus
15321168214116,944305,434947,43.61558958527608,3.8745944607788956,0.78,25,2024-03-04 12:45:46+00:00,Bus
15321168214116,944305,434947,43.61604742806532,3.874655740263279,3.61,25,2024-03-04 12:45:58+00:00,Bus
15321168214116,944305,434947,43.61643708937122,3.8742813793636124,3.61,25,2024-03-04 12:46:13+00:00,Bus
15321168214116,944305,434947,43.61639604018905,3.8736625716444024,1.04,25,2024-03-04 12:47:54+00:00,Bus
15321168214116,944305,434947,43.6168301266034,3.873302302952704,-1.0,26,2024-03-04 12:51:00+00:00,Bus
15321168214116,944305,434947,43.616203262302726,3.8735148103542323,-1.0,26,2024-03-04 12:51:06+00:00,Bus
15321168214116,944305,434947,43.616686763682,3.8733138172043162,-1.0,26,2024-03-04 12:51:19+00:00,Bus
15321168214116,944305,434947,43.61611112733415,3.873363954255638,-1.0,26,2024-03-04 12:51:26+00:00,Bus
15321168214116,944305,434947,43.61591911797806,3.8734899421710427,0.27,25,2024-03-04 12:53:18+00:00,Bus
15496370428776,944350,435009,43.63089955881576,3.870643191043167,2.04,48,2024-03-04 16:28:33+00:00,Biking
15496370428776,944350,435009,43.6304456399056,3.870780300711323,4.11,53,2024-03-04 16:28:56+00:00,Biking
15496370428776,944350,435009,43.63002177184377,3.870563917828516,5.21,48,2024-03-04 16:29:07+00:00,Biking
15496370428776,944350,435009,43.6295701475999,3.8702093831393505,2.52,48,2024-03-04 16:29:24+00:00,Biking
15496370428776,944350,435009,43.62918707103469,3.8698779297997086,3.35,46,2024-03-04 16:29:41+00:00,Biking
15496370428776,944350,435009,43.628740225217655,3.8696271058200993,5.22,46,2024-03-04 16:29:53+00:00,Biking
15496370428776,944350,435009,43.62829805683541,3.8693932911439917,4.76,46,2024-03-04 16:30:03+00:00,Biking
15496370428776,944350,435009,43.62780083514409,3.869298919873712,5.3,46,2024-03-04 16:30:14+00:00,Biking
15496370428776,944350,435009,43.62738634121667,3.8696362973697194,3.41,46,2024-03-04 16:30:31+00:00,Biking
15496370428776,944350,435009,43.627001956149215,3.8698922324154403,0.0,46,2024-03-04 16:30:53+00:00,Biking
15496370428776,944350,435009,43.62697952913864,3.869935614722435,1.62,47,2024-03-04 16:31:28+00:00,Biking
15496370428776,944350,435009,43.62699022812405,3.871303125711141,6.19,44,2024-03-04 16:31:49+00:00,Biking
15496370428776,944350,435009,43.62695001394429,3.871948835964333,7.69,43,2024-03-04 16:31:54+00:00,Biking
15496370428776,944350,435009,43.62690460171644,3.872629360903333,6.9,41,2024-03-04 16:32:03+00:00,Biking
15496370428776,944350,435009,43.62699066569338,3.8733152512447093,5.94,42,2024-03-04 16:32:13+00:00,Biking
15496370428776,944350,435009,43.62699701589758,3.873984153025608,5.68,42,2024-03-04 16:32:22+00:00,Biking
15496370428776,944350,435009,43.62690344033109,3.8746213079426592,6.44,41,2024-03-04 16:32:30+00:00,Biking
15496370428776,944350,435009,43.62667301388507,3.875181781948597,6.81,42,2024-03-04 16:32:37+00:00,Biking
15496370428776,944350,435009,43.62651327007141,3.8758237319870417,6.52,42,2024-03-04 16:32:45+00:00,Biking
15496370428776,944350,435009,43.62625503857713,3.876393280615603,6.04,43,2024-03-04 16:32:54+00:00,Biking
15496370428776,944350,435009,43.62605745435375,3.8769914564362447,5.87,43,2024-03-04 16:33:03+00:00,Biking
15496370428776,944350,435009,43.62586808299338,3.8775930427620775,5.32,44,2024-03-04 16:33:13+00:00,Biking
15496370428776,944350,435009,43.62573302081081,3.878243482274897,5.64,44,2024-03-04 16:33:22+00:00,Biking
15496370428776,944350,435009,43.62565829304848,3.8788624712650632,5.03,43,2024-03-04 16:33:33+00:00,Biking
15496370428776,944350,435009,43.6255786302003,3.8795192990983027,4.62,43,2024-03-04 16:33:44+00:00,Biking
15496370428776,944350,435009,43.62569633420564,3.880233887243382,6.42,42,2024-03-04 16:33:52+00:00,Biking
15496370428776,944350,435009,43.625823547610935,3.880929180721089,7.21,40,2024-03-04 16:34:00+00:00,Biking
15496370428776,944350,435009,43.62590583617364,3.88154107473447,7.65,40,2024-03-04 16:34:06+00:00,Biking
15496370428776,944350,435009,43.625972456254694,3.8822089313697408,8.38,36,2024-03-04 16:34:12+00:00,Biking
15496370428776,944350,435009,43.626108560528245,3.8828492123095764,8.48,36,2024-03-04 16:34:18+00:00,Biking
15496370428776,944350,435009,43.62612020574236,3.883523558419474,7.08,37,2024-03-04 16:34:26+00:00,Biking
15496370428776,944350,435009,43.62627239617938,3.884126725080267,6.64,38,2024-03-04 16:34:33+00:00,Biking
15496370428776,944350,435009,43.62630568008625,3.884785670146933,6.06,38,2024-03-04 16:34:41+00:00,Biking
15496370428776,944350,435009,43.626199108171015,3.8854586450194923,7.08,36,2024-03-04 16:34:48+00:00,Biking
15496370428776,944350,435009,43.62628454093885,3.886130581582441,7.95,33,2024-03-04 16:34:56+00:00,Biking
15496370428776,944350,435009,43.62621884491262,3.886779767452451,9.39,32,2024-03-04 16:35:01+00:00,Biking
15496370428776,944350,435009,43.62628656972597,3.887421033205204,10.1,30,2024-03-04 16:35:06+00:00,Biking
15496370428776,944350,435009,43.62634487300782,3.8880829155153993,8.69,29,2024-03-04 16:35:12+00:00,Biking
15496370428776,944350,435009,43.62657378158233,3.8887084981464572,6.57,28,2024-03-04 16:35:21+00:00,Biking
15496370428776,944350,435009,43.62682075890338,3.889263381431831,3.06,28,2024-03-04 16:35:34+00:00,Biking
15496370428776,944350,435009,43.62688739682091,3.8891971624801807,0.32,28,2024-03-04 16:35:56+00:00,Biking
15496370428776,944350,435009,43.62714841049032,3.8897810602528904,3.97,28,2024-03-04 16:36:50+00:00,Biking
15496370428776,944350,435009,43.62722273423993,3.8904846373403768,5.14,28,2024-03-04 16:37:01+00:00,Biking
15496370428776,944350,435009,43.62729007939099,3.8911679551733336,5.75,27,2024-03-04 16:37:11+00:00,Biking
15496370428776,944350,435009,43.62737402392597,3.8919356055920677,6.22,26,2024-03-04 16:37:21+00:00,Biking
15496370428776,944350,435009,43.62766990737597,3.89242613467158,6.07,27,2024-03-04 16:37:30+00:00,Biking
15496370428776,944350,435009,43.6279071503392,3.892969994156166,6.54,25,2024-03-04 16:37:37+00:00,Biking
15496370428776,944350,435009,43.62825179822067,3.8934722770614525,6.87,26,2024-03-04 16:37:46+00:00,Biking
15496370428776,944350,435009,43.628532745692745,3.894075668610319,5.66,24,2024-03-04 16:37:55+00:00,Biking
15496370428776,944350,435009,43.628950946672454,3.8944485727625766,5.62,22,2024-03-04 16:38:04+00:00,Biking
15496370428776,944350,435009,43.62907175937082,3.8950524085453475,4.82,21,2024-03-04 16:38:14+00:00,Biking
15496370428776,944350,435009,43.62905795945851,3.8956941225765074,4.48,22,2024-03-04 16:38:24+00:00,Biking
15496370428776,944350,435009,43.628977219160774,3.896407593948371,4.13,24,2024-03-04 16:39:01+00:00,Biking
15496370428776,944350,435009,43.62901761231733,3.8970367877092147,4.63,25,2024-03-04 16:39:12+00:00,Biking
15496370428776,944350,435009,43.62928277758233,3.8976196342561273,6.09,26,2024-03-04 16:39:18+00:00,Biking
15496370428776,944350,435009,43.62948979226358,3.8983107811922126,2.78,27,2024-03-04 16:39:40+00:00,Biking
15496370428776,944350,435009,43.629658820344865,3.8977172271412424,0.95,27,2024-03-04 16:39:55+00:00,Biking
15496370428776,944350,435009,43.630117387239565,3.8977509175618907,2.06,28,2024-03-04 16:40:09+00:00,Biking
15496370428776,944350,435009,43.630407130125626,3.8972604338116197,0.97,29,2024-03-04 16:40:22+00:00,Biking
15496370428776,944350,435009,43.63028608851063,3.897490978524845,0.6,29,2024-03-04 16:40:56+00:00,Biking
15496370428776,944350,435009,43.63081809014031,3.8969108786631925,1.65,31,2024-03-04 16:43:35+00:00,Biking
15496370428776,944350,435009,43.63122820603444,3.896620130800719,1.19,33,2024-03-04 16:44:11+00:00,Biking
15496370428776,944350,435009,43.631577758047335,3.896213813314704,1.25,35,2024-03-04 16:44:50+00:00,Biking
15496370428776,944350,435009,43.63121620322421,3.8965983717447448,1.15,33,2024-03-04 16:46:51+00:00,Biking
15496370428776,944350,435009,43.63084948059032,3.896986460998658,1.47,31,2024-03-04 16:47:26+00:00,Biking
15496370428776,944350,435009,43.630466225286014,3.89733166448937,1.34,30,2024-03-04 16:48:01+00:00,Biking
15496370428776,944350,435009,43.630421476352495,3.89734762887483,-1.0,31,2024-03-04 17:02:30+00:00,Biking
15513890650242,944317,434976,43.63318894879207,3.871219954793952,-1.0,60,2024-03-04 14:04:53+00:00,Walking
15513890650242,944317,434976,43.63346970178525,3.871784387159973,0.74,54,2024-03-04 14:04:58+00:00,Walking
15513890650242,944317,434976,43.63323828705687,3.871184512861297,1.18,59,2024-03-04 14:05:29+00:00,Walking
15513890650242,944319,434978,43.63283388430354,3.8701815262463377,-1.0,54,2024-03-04 14:13:53+00:00,Walking
15513890650242,944319,434978,43.63237295492054,3.870305686263997,1.7,46,2024-03-04 14:14:22+00:00,Walking
15513890650242,944319,434978,43.63195379391641,3.8705360369306105,1.54,55,2024-03-04 14:14:54+00:00,Walking
15513890650242,944319,434978,43.63156353574409,3.870207020863419,1.47,53,2024-03-04 14:15:29+00:00,Walking
15513890650242,944319,434978,43.63099866895175,3.870078388325115,0.0,51,2024-03-04 14:16:31+00:00,Walking
15513890650242,944319,434978,43.630424268975105,3.869965914123382,4.48,49,2024-03-04 14:16:50+00:00,Walking
15513890650242,944319,434978,43.63087508122905,3.8698351508072335,1.7,49,2024-03-04 14:16:54+00:00,Walking
15513890650242,944319,434978,43.63163464803103,3.8701816554456263,-1.0,51,2024-03-04 14:18:06+00:00,Walking
15513890650242,944319,434978,43.63224269425027,3.869973954778952,-1.0,56,2024-03-04 14:18:18+00:00,Walking
15513890650242,944319,434978,43.63090574051429,3.8696289713600103,-1.0,56,2024-03-04 14:18:22+00:00,Walking
15513890650242,944319,434978,43.63153164187472,3.86974370108911,-1.0,57,2024-03-04 14:18:30+00:00,Walking
15513890650242,944319,434978,43.63199971053495,3.8698603286331004,-1.0,57,2024-03-04 14:18:37+00:00,Walking
15513890650242,944319,434978,43.63152758500517,3.8697647809644233,-1.0,57,2024-03-04 14:18:38+00:00,Walking
15513890650242,944319,434978,43.63210884533687,3.8699005623406273,-1.0,57,2024-03-04 14:18:44+00:00,Walking
15513890650242,944319,434978,43.63161601665765,3.8698066247707392,-1.0,57,2024-03-04 14:18:51+00:00,Walking
15513890650242,944319,434978,43.63208388673387,3.8699258633401468,-1.0,57,2024-03-04 14:18:57+00:00,Walking
15513890650242,944319,434978,43.63137447410745,3.8697515372377893,-1.0,57,2024-03-04 14:18:58+00:00,Walking
15513890650242,944319,434978,43.63225331956614,3.86997204822714,-1.0,57,2024-03-04 14:19:04+00:00,Walking
15513890650242,944319,434978,43.63236925232445,3.870000879164141,-1.0,56,2024-03-04 14:19:10+00:00,Walking
15513890650242,944319,434978,43.63283388430354,3.8701815262463377,-1.0,56,2024-03-04 14:19:17+00:00,Walking
15513890650242,944319,434978,43.63128730273695,3.8697303544064634,-1.0,57,2024-03-04 14:19:23+00:00,Walking
15513890650242,944319,434978,43.63283388430354,3.8701815262463377,-1.0,56,2024-03-04 14:19:29+00:00,Walking
15513890650242,944319,434978,43.63117565417229,3.869702324821321,-1.0,56,2024-03-04 14:19:30+00:00,Walking
15513890650242,944319,434978,43.631436885742495,3.8702255827257086,1.2,51,2024-03-04 14:20:30+00:00,Walking
15513890650242,944319,434978,43.63098012951879,3.870246771558213,0.0,51,2024-03-04 14:26:57+00:00,Walking
15513890650242,944322,434981,43.63083791783879,3.870342918363719,-1.0,52,2024-03-04 14:32:32+00:00,Walking
15513890650242,944322,434981,43.63083791783879,3.870342918363719,-1.0,52,2024-03-04 14:32:41+00:00,Walking
15513890650242,944322,434981,43.63031005859375,3.870219855443057,-1.0,52,2024-03-04 14:33:37+00:00,Walking
15513890650242,944322,434981,43.63180043616036,3.8700551977600344,1.46,56,2024-03-04 14:34:52+00:00,Walking
15513890650242,944322,434981,43.63222734193365,3.869820355360948,1.51,55,2024-03-04 14:35:23+00:00,Walking
15513890650242,944322,434981,43.632659692284555,3.8696375287298412,1.41,55,2024-03-04 14:35:59+00:00,Walking
15513890650242,944322,434981,43.632798352022384,3.8701492813059355,0.0,56,2024-03-04 14:36:54+00:00,Walking
15513890650242,944512,435023,43.631867459084496,3.870694739747672,1.08,50,2024-03-04 17:31:32+00:00,Walking
15513890650242,944512,435023,43.63157060548286,3.870216692792887,1.07,53,2024-03-04 17:32:01+00:00,Walking
15513890650242,944512,435023,43.63111853826374,3.8701931658981112,1.37,52,2024-03-04 17:32:39+00:00,Walking
15513890650242,944512,435023,43.630956711449734,3.8693962249970792,2.94,51,2024-03-04 17:33:25+00:00,Walking
15513890650242,944512,435023,43.630896197469006,3.8693093457220624,2.36,50,2024-03-04 17:33:26+00:00,Walking
15513890650242,944512,435023,43.62996339374531,3.8697415896178593,1.52,50,2024-03-04 17:35:32+00:00,Walking
15513890650242,944512,435023,43.62952971358826,3.8699447818857418,1.51,49,2024-03-04 17:36:04+00:00,Walking
15513890650242,944512,435023,43.62908607117965,3.869784962078685,1.59,47,2024-03-04 17:36:38+00:00,Walking
15513890650242,944512,435023,43.62865346499748,3.869597884815595,1.55,47,2024-03-04 17:37:08+00:00,Walking
15513890650242,944512,435023,43.628243691421545,3.8693226119438373,1.53,48,2024-03-04 17:37:39+00:00,Walking
15513890650242,944512,435023,43.627783339204896,3.869310157313025,1.42,47,2024-03-04 17:38:13+00:00,Walking
15513890650242,944512,435023,43.62734388851688,3.8694468156431725,1.49,48,2024-03-04 17:38:45+00:00,Walking
15513890650242,944512,435023,43.62712873806222,3.8695494901055443,1.49,46,2024-03-04 17:39:00+00:00,Walking
15513890650242,944512,435023,43.62686523032585,3.869457520217387,1.32,46,2024-03-04 17:39:34+00:00,Walking
15513890650242,944512,435023,43.62615440789746,3.8702227019107087,1.48,47,2024-03-04 17:40:39+00:00,Walking
15513890650242,944512,435023,43.62573728420389,3.87047038822356,1.5,48,2024-03-04 17:41:07+00:00,Walking
15513890650242,944512,435023,43.62536566658098,3.8708414756811393,1.48,47,2024-03-04 17:41:39+00:00,Walking
15513890650242,944512,435023,43.62494625776035,3.8711030336093746,1.46,46,2024-03-04 17:42:14+00:00,Walking
15513890650242,944512,435023,43.62454358494861,3.871386876039353,1.33,45,2024-03-04 17:42:46+00:00,Walking
15513890650242,944512,435023,43.62413073340376,3.8716676160439127,1.42,45,2024-03-04 17:43:19+00:00,Walking
15513890650242,944512,435023,43.623693537897594,3.8718691943659906,1.5,42,2024-03-04 17:43:51+00:00,Walking
15513890650242,944512,435023,43.62328783187,3.8721693771944508,1.52,41,2024-03-04 17:44:25+00:00,Walking
15513890650242,944512,435023,43.62307532797528,3.8722641076393742,1.51,40,2024-03-04 17:44:40+00:00,Walking
15513890650242,944512,435023,43.622853555832684,3.8723409522850765,1.52,38,2024-03-04 17:44:58+00:00,Walking
15513890650242,944512,435023,43.62240011925857,3.8724112799943797,1.48,37,2024-03-04 17:45:31+00:00,Walking
15513890650242,944512,435023,43.6219440947919,3.8723943880790133,1.52,36,2024-03-04 17:46:03+00:00,Walking
15513890650242,944512,435023,43.621501877958416,3.872521667736061,1.57,34,2024-03-04 17:46:35+00:00,Walking
15513890650242,944512,435023,43.621055407392795,3.8726952229719056,1.41,34,2024-03-04 17:47:08+00:00,Walking
15513890650242,944512,435023,43.620627025401895,3.8729138888782098,1.58,33,2024-03-04 17:47:38+00:00,Walking
15513890650242,944512,435023,43.6201854421336,3.873068113480559,1.63,32,2024-03-04 17:48:11+00:00,Walking
15513890650242,944512,435023,43.619747381954554,3.8732699104342148,1.48,32,2024-03-04 17:48:46+00:00,Walking
15513890650242,944512,435023,43.619293648161076,3.873352854138153,1.14,29,2024-03-04 17:49:22+00:00,Walking
15513890650242,944512,435023,43.61883277568347,3.873403537847846,1.46,29,2024-03-04 17:49:57+00:00,Walking
15513890650242,944512,435023,43.61865234804089,3.873442689255635,1.31,29,2024-03-04 17:50:12+00:00,Walking
15513890650242,944512,435023,43.61839313056046,3.873573887844857,1.35,28,2024-03-04 17:50:33+00:00,Walking
15513890650242,944512,435023,43.617985236688966,3.8738372337672766,1.47,27,2024-03-04 17:51:07+00:00,Walking
15513890650242,944512,435023,43.61759565233466,3.8741489606296606,0.84,28,2024-03-04 17:51:39+00:00,Walking
15513890650242,944512,435023,43.61718911088811,3.8744209754641563,1.54,26,2024-03-04 17:52:13+00:00,Walking
15513890650242,944512,435023,43.616843628542895,3.8748480413216377,1.43,25,2024-03-04 17:52:48+00:00,Walking
15513890650242,944512,435023,43.616648713320906,3.875497290138561,0.57,25,2024-03-04 17:53:24+00:00,Walking
15513890650242,944512,435023,43.61663818359375,3.875497290138561,0.57,25,2024-03-04 17:53:25+00:00,Walking
15513890650242,944512,435023,43.61637247049805,3.8759876625826744,1.06,24,2024-03-04 17:54:05+00:00,Walking
15513890650242,944512,435023,43.615765311024845,3.8762702129371327,1.26,23,2024-03-04 17:55:12+00:00,Walking
15513890650242,944512,435023,43.61559504165899,3.8768457815532886,0.0,24,2024-03-04 17:56:02+00:00,Walking
15513890650242,944512,435023,43.6154845498586,3.8768383457042246,0.0,25,2024-03-04 17:57:42+00:00,Walking
